observation_id,material_family,material_id,doping,observable,value,unit,uncertainty,split,source_id,provenance,usable_for_fit,source_url,curation_note
lsco-hofer-x0080-tc,cuprate,LSCO,x=0.080,tc_k,19.60,K,"~0.05 K per sample; mean of 16O Tc values 19.52 and 19.68 K",train,hofer-1999-oie-penetration-depth,"Hofer et al. Table I reports Tc(16O)=19.52(5),19.68(5) K for x=0.080 microcrystals",true,https://arxiv.org/pdf/cond-mat/9912493,"direct table value; underdoped microcrystals"
lsco-hofer-x0080-isotope,cuprate,LSCO,x=0.080,isotope_alpha,0.47,dimensionless,0.02,train,hofer-1999-oie-penetration-depth,"Hofer et al. report mean oxygen isotope exponent alpha_O=0.47(2) for x=0.080",true,https://arxiv.org/pdf/cond-mat/9912493,"direct table value"
lsco-hofer-x0080-optical-proxy,cuprate,LSCO,x=0.080,optical_spectral_weight_proxy,0.34,eV,approximate,train,hofer-1999-oie-penetration-depth,"Hofer et al. discuss optical-conductivity maximum Em=0.44 eV for x=0.06 and 0.24 eV for x=0.10 and estimate Em~0.34 eV for their x~0.08 samples",false,https://arxiv.org/pdf/cond-mat/9912493,"proxy is optical-conductivity maximum energy Em, not an integrated spectral-weight change; do not use for final material claim"
lsco-hofer-x0080-penetration-missing,cuprate,LSCO,x=0.080,penetration_depth_nm,,nm,,train,hofer-1999-oie-penetration-depth,"Hofer et al. report normalized lambda_ab^-2 shifts, not a clean absolute lambda_ab(0) value in nm in the extracted text",false,https://arxiv.org/pdf/cond-mat/9912493,"placeholder row documents missing absolute penetration depth"
lsco-hofer-x0080-gap-missing,cuprate,LSCO,x=0.080,gap_ev,,eV,,train,missing-gap-x0080,"No directly curated LSCO x=0.080 superconducting gap value was found in the quick source pass",false,,"placeholder row documents missing superconducting gap"
lsco-hofer-x0086-tc,cuprate,LSCO,x=0.086,tc_k,22.255,K,"~0.05 K per sample; mean of 16O Tc values 22.40 and 22.11 K",train,hofer-1999-oie-penetration-depth,"Hofer et al. Table I reports Tc(16O)=22.40(5),22.11(5) K for x=0.086 microcrystals",true,https://arxiv.org/pdf/cond-mat/9912493,"direct table value; underdoped microcrystals"
lsco-hofer-x0086-isotope,cuprate,LSCO,x=0.086,isotope_alpha,0.40,dimensionless,0.02,train,hofer-1999-oie-penetration-depth,"Hofer et al. report mean oxygen isotope exponent alpha_O=0.40(2) for x=0.086",true,https://arxiv.org/pdf/cond-mat/9912493,"direct table value"
lsco-hofer-x0086-optical-proxy,cuprate,LSCO,x=0.086,optical_spectral_weight_proxy,0.34,eV,approximate,train,hofer-1999-oie-penetration-depth,"Hofer et al. estimate Em~0.34 eV for samples between x=0.06 and x=0.10",false,https://arxiv.org/pdf/cond-mat/9912493,"proxy is optical-conductivity maximum energy Em, not an integrated spectral-weight change"
lsco-hofer-x0086-penetration-missing,cuprate,LSCO,x=0.086,penetration_depth_nm,,nm,,train,hofer-1999-oie-penetration-depth,"Hofer et al. report normalized lambda_ab^-2 shifts, not a clean absolute lambda_ab(0) value in nm in the extracted text",false,https://arxiv.org/pdf/cond-mat/9912493,"placeholder row documents missing absolute penetration depth"
lsco-hofer-x0086-gap-missing,cuprate,LSCO,x=0.086,gap_ev,,eV,,train,missing-gap-x0086,"No directly curated LSCO x=0.086 superconducting gap value was found in the quick source pass",false,,"placeholder row documents missing superconducting gap"
lsco-naqib-x009-alpha,cuprate,LSCO,x=0.090,isotope_alpha,0.271,dimensionless,,train,naqib-2011-la214-isotope,"Naqib and Islam report alpha_p=0.271 for Zn-free underdoped La1.91Sr0.09CuO4",true,https://arxiv.org/pdf/1103.5200,"direct text value; polycrystalline La214; isotope exponent only"
lsco-x009-tc-missing,cuprate,LSCO,x=0.090,tc_k,,K,,train,missing-tc-x009,"Need direct Tc value from original isotope dataset or a curated SuperCon extraction",false,,"placeholder row"
lsco-x009-gap-missing,cuprate,LSCO,x=0.090,gap_ev,,eV,,train,missing-gap-x009,"Need direct superconducting gap measurement at this doping",false,,"placeholder row"
lsco-x009-penetration-missing,cuprate,LSCO,x=0.090,penetration_depth_nm,,nm,,train,missing-lambda-x009,"Need absolute lambda_ab(0) in nm at this doping",false,,"placeholder row"
lsco-x009-optical-missing,cuprate,LSCO,x=0.090,optical_spectral_weight_proxy,,relative,,train,missing-optical-x009,"Need integrated optical spectral-weight or agreed proxy at this doping",false,,"placeholder row"
lsco-ino-x010-gap,cuprate,LSCO,x=0.100,gap_ev,0.0125,eV,"range 0.010-0.015 eV",train,ino-1998-arpes-gap,"Ino et al. report superconducting gap Delta=10-15 meV for underdoped x=0.10 and optimally doped x=0.15 near (pi,0)",true,https://arxiv.org/abs/cond-mat/9809311,"midpoint of reported range; use uncertainty/caveat"
lsco-yoshida-x010-gap,cuprate,LSCO,x=0.100,gap_ev,0.013,eV,"range 0.012-0.014 eV",train,yoshida-2012-two-gap,"Yoshida et al. report d-wave order parameter Delta0~12-14 meV for x=0.10",true,https://arxiv.org/abs/1208.2903,"midpoint of reported range"
lsco-hofer-x010-optical-proxy,cuprate,LSCO,x=0.100,optical_spectral_weight_proxy,0.24,eV,,train,hofer-1999-oie-penetration-depth,"Hofer et al. quote optical-conductivity maximum Em=0.24 eV for LSCO x=0.10 from prior optical data",false,https://arxiv.org/pdf/cond-mat/9912493,"proxy is Em, not integrated spectral weight"
lsco-x010-tc-missing,cuprate,LSCO,x=0.100,tc_k,,K,,train,missing-tc-x010,"Need direct Tc from same sample/dataset or curated SuperCon extraction",false,,"placeholder row"
lsco-x010-isotope-mapped,cuprate,LSCO,x=0.100,isotope_alpha,0.271,dimensionless,nearby-doping,train,naqib-2011-la214-isotope,"Nearest direct isotope value in this quick curation is alpha_p=0.271 at x=0.09, not x=0.10",false,https://arxiv.org/pdf/1103.5200,"nearby-doping mapping only; not counted for fit"
lsco-x010-penetration-missing,cuprate,LSCO,x=0.100,penetration_depth_nm,,nm,,train,missing-lambda-x010,"Need absolute lambda_ab(0) in nm at this doping",false,,"placeholder row"
lsco-yoshida-x014-gap,cuprate,LSCO,x=0.140,gap_ev,0.013,eV,"range 0.012-0.014 eV",train,yoshida-2012-two-gap,"Yoshida et al. report d-wave order parameter Delta0~12-14 meV for x=0.14",true,https://arxiv.org/abs/1208.2903,"midpoint of reported range"
lsco-x014-tc-missing,cuprate,LSCO,x=0.140,tc_k,,K,,train,missing-tc-x014,"Need direct Tc from same sample/dataset",false,,"placeholder row"
lsco-x014-isotope-missing,cuprate,LSCO,x=0.140,isotope_alpha,,dimensionless,,train,missing-isotope-x014,"Need direct isotope exponent at this doping",false,,"placeholder row"
lsco-x014-penetration-missing,cuprate,LSCO,x=0.140,penetration_depth_nm,,nm,,train,missing-lambda-x014,"Need absolute lambda_ab(0) in nm at this doping",false,,"placeholder row"
lsco-x014-optical-missing,cuprate,LSCO,x=0.140,optical_spectral_weight_proxy,,relative,,train,missing-optical-x014,"Need integrated optical spectral-weight or agreed proxy at this doping",false,,"placeholder row"
lsco-local-x015-tc,cuprate,LSCO,x~0.150,tc_k,38,K,,train,local-supercon-fixture,"Repository local SuperCon fixture records La2-xSrxCuO4 with Tc=38 K at x~0.15 ambiguous",true,examples/superconductivity_bcs_campaign/sources/supercon_fixture.csv,"local fixture, not live database extraction"
lsco-ino-x015-gap,cuprate,LSCO,x=0.150,gap_ev,0.0125,eV,"range 0.010-0.015 eV",train,ino-1998-arpes-gap,"Ino et al. report superconducting gap Delta=10-15 meV for underdoped x=0.10 and optimally doped x=0.15 near (pi,0)",true,https://arxiv.org/abs/cond-mat/9809311,"midpoint of reported range"
lsco-x015-isotope-alpha-gap-model,cuprate,LSCO,x=0.150,isotope_alpha,0.06,dimensionless,model-assumption,train,naqib-2011-la214-isotope,"Naqib and Islam cite models where isotope effect in superconducting gap alpha_Delta is assumed around 0.06 independent of hole content; this is not a direct Tc isotope exponent at x=0.15",false,https://arxiv.org/pdf/1103.5200,"model-assumption row; not counted for fit"
lsco-x015-penetration-missing,cuprate,LSCO,x=0.150,penetration_depth_nm,,nm,,train,missing-lambda-x015,"Need absolute lambda_ab(0) in nm at this doping",false,,"placeholder row"
lsco-x015-optical-missing,cuprate,LSCO,x=0.150,optical_spectral_weight_proxy,,relative,,train,missing-optical-x015,"Need integrated optical spectral-weight or agreed proxy at this doping",false,,"placeholder row"
lsco-naqib-x022-alpha,cuprate,LSCO,x=0.220,isotope_alpha,0.0939,dimensionless,,test,naqib-2011-la214-isotope,"Naqib and Islam report alpha_p=0.0939 for Zn-free overdoped La1.78Sr0.22CuO4",true,https://arxiv.org/pdf/1103.5200,"direct text value; isotope exponent only"
lsco-x022-tc-missing,cuprate,LSCO,x=0.220,tc_k,,K,,test,missing-tc-x022,"Need direct Tc from original isotope dataset or curated SuperCon extraction",false,,"placeholder row"
lsco-x022-gap-missing,cuprate,LSCO,x=0.220,gap_ev,,eV,,test,missing-gap-x022,"Need direct superconducting gap measurement at this doping",false,,"placeholder row"
lsco-x022-penetration-missing,cuprate,LSCO,x=0.220,penetration_depth_nm,,nm,,test,missing-lambda-x022,"Need absolute lambda_ab(0) in nm at this doping",false,,"placeholder row"
lsco-x022-optical-missing,cuprate,LSCO,x=0.220,optical_spectral_weight_proxy,,relative,,test,missing-optical-x022,"Need integrated optical spectral-weight or agreed proxy at this doping",false,,"placeholder row"
lsco-lemberger-x0060a-tc,cuprate,LSCO-film-0.060a,x=0.060,tc_k,16,K,,train,lemberger-2010-lsco-lambda,"Lemberger et al. Table I reports Tc(lambda^-2)=16 K for nominal x=0.06 LSCO film with lambda^-2(0)=1.3 um^-2",true,https://arxiv.org/pdf/1010.1243,"same film table as penetration-depth row; nominal Sr doping"
lsco-lemberger-x0060a-penetration,cuprate,LSCO-film-0.060a,x=0.060,penetration_depth_nm,877.1,nm,"computed from lambda^-2(0)=1.3 um^-2 as lambda_nm=1000/sqrt(lambda^-2)",train,lemberger-2010-lsco-lambda,"Lemberger et al. Table I reports lambda^-2(0)=1.3 um^-2 for nominal x=0.06 LSCO film",true,https://arxiv.org/pdf/1010.1243,"computed absolute penetration depth from tabulated inverse-square penetration depth"
lsco-lemberger-x0060a-condensate-weight,cuprate,LSCO-film-0.060a,x=0.060,optical_spectral_weight_proxy,1.3,um^-2,,train,lemberger-2010-lsco-lambda,"lambda^-2(0) is proportional to superfluid/condensate spectral weight and is used here as S_delta proxy",true,https://arxiv.org/pdf/1010.1243,"condensate spectral-weight proxy; not a finite-frequency optical missing-area integral"
lsco-lemberger-x0060b-tc,cuprate,LSCO-film-0.060b,x=0.060,tc_k,23,K,,train,lemberger-2010-lsco-lambda,"Lemberger et al. Table I reports Tc(lambda^-2)=23 K for second nominal x=0.06 LSCO film with lambda^-2(0)=4.5 um^-2",true,https://arxiv.org/pdf/1010.1243,"same film table as penetration-depth row; nominal Sr doping"
lsco-lemberger-x0060b-penetration,cuprate,LSCO-film-0.060b,x=0.060,penetration_depth_nm,471.4,nm,"computed from lambda^-2(0)=4.5 um^-2 as lambda_nm=1000/sqrt(lambda^-2)",train,lemberger-2010-lsco-lambda,"Lemberger et al. Table I reports lambda^-2(0)=4.5 um^-2 for second nominal x=0.06 LSCO film",true,https://arxiv.org/pdf/1010.1243,"computed absolute penetration depth from tabulated inverse-square penetration depth"
lsco-lemberger-x0060b-condensate-weight,cuprate,LSCO-film-0.060b,x=0.060,optical_spectral_weight_proxy,4.5,um^-2,,train,lemberger-2010-lsco-lambda,"lambda^-2(0) is proportional to superfluid/condensate spectral weight and is used here as S_delta proxy",true,https://arxiv.org/pdf/1010.1243,"condensate spectral-weight proxy; not a finite-frequency optical missing-area integral"
lsco-lemberger-x0090a-tc,cuprate,LSCO-film-0.090a,x=0.090,tc_k,33,K,,train,lemberger-2010-lsco-lambda,"Lemberger et al. Table I reports Tc(lambda^-2)=33 K for nominal x=0.09 LSCO film with lambda^-2(0)=6 um^-2",true,https://arxiv.org/pdf/1010.1243,"same film table as penetration-depth row; nominal Sr doping"
lsco-lemberger-x0090a-penetration,cuprate,LSCO-film-0.090a,x=0.090,penetration_depth_nm,408.2,nm,"computed from lambda^-2(0)=6 um^-2 as lambda_nm=1000/sqrt(lambda^-2)",train,lemberger-2010-lsco-lambda,"Lemberger et al. Table I reports lambda^-2(0)=6 um^-2 for nominal x=0.09 LSCO film",true,https://arxiv.org/pdf/1010.1243,"computed absolute penetration depth from tabulated inverse-square penetration depth"
lsco-lemberger-x0090a-condensate-weight,cuprate,LSCO-film-0.090a,x=0.090,optical_spectral_weight_proxy,6,um^-2,,train,lemberger-2010-lsco-lambda,"lambda^-2(0) is proportional to superfluid/condensate spectral weight and is used here as S_delta proxy",true,https://arxiv.org/pdf/1010.1243,"condensate spectral-weight proxy; not a finite-frequency optical missing-area integral"
lsco-lemberger-x0090b-tc,cuprate,LSCO-film-0.090b,x=0.090,tc_k,38,K,,train,lemberger-2010-lsco-lambda,"Lemberger et al. Table I reports Tc(lambda^-2)=38 K for second nominal x=0.09 LSCO film with lambda^-2(0)=10.5 um^-2",true,https://arxiv.org/pdf/1010.1243,"same film table as penetration-depth row; nominal Sr doping"
lsco-lemberger-x0090b-penetration,cuprate,LSCO-film-0.090b,x=0.090,penetration_depth_nm,308.6,nm,"computed from lambda^-2(0)=10.5 um^-2 as lambda_nm=1000/sqrt(lambda^-2)",train,lemberger-2010-lsco-lambda,"Lemberger et al. Table I reports lambda^-2(0)=10.5 um^-2 for second nominal x=0.09 LSCO film",true,https://arxiv.org/pdf/1010.1243,"computed absolute penetration depth from tabulated inverse-square penetration depth"
lsco-lemberger-x0090b-condensate-weight,cuprate,LSCO-film-0.090b,x=0.090,optical_spectral_weight_proxy,10.5,um^-2,,train,lemberger-2010-lsco-lambda,"lambda^-2(0) is proportional to superfluid/condensate spectral weight and is used here as S_delta proxy",true,https://arxiv.org/pdf/1010.1243,"condensate spectral-weight proxy; not a finite-frequency optical missing-area integral"
lsco-lemberger-x0120-tc,cuprate,LSCO-film-0.120,x=0.120,tc_k,39,K,,train,lemberger-2010-lsco-lambda,"Lemberger et al. Table I reports Tc(lambda^-2)=39 K for nominal x=0.12 LSCO film with lambda^-2(0)=12.5 um^-2",true,https://arxiv.org/pdf/1010.1243,"same film table as penetration-depth row; nominal Sr doping"
lsco-lemberger-x0120-penetration,cuprate,LSCO-film-0.120,x=0.120,penetration_depth_nm,282.8,nm,"computed from lambda^-2(0)=12.5 um^-2 as lambda_nm=1000/sqrt(lambda^-2)",train,lemberger-2010-lsco-lambda,"Lemberger et al. Table I reports lambda^-2(0)=12.5 um^-2 for nominal x=0.12 LSCO film",true,https://arxiv.org/pdf/1010.1243,"computed absolute penetration depth from tabulated inverse-square penetration depth"
lsco-lemberger-x0120-condensate-weight,cuprate,LSCO-film-0.120,x=0.120,optical_spectral_weight_proxy,12.5,um^-2,,train,lemberger-2010-lsco-lambda,"lambda^-2(0) is proportional to superfluid/condensate spectral weight and is used here as S_delta proxy",true,https://arxiv.org/pdf/1010.1243,"condensate spectral-weight proxy; not a finite-frequency optical missing-area integral"
lsco-lemberger-x0150-tc,cuprate,LSCO-film-0.150,x=0.150,tc_k,42,K,,train,lemberger-2010-lsco-lambda,"Lemberger et al. Table I reports Tc(lambda^-2)=42 K for nominal x=0.15 LSCO film with lambda^-2(0)=17.4 um^-2",true,https://arxiv.org/pdf/1010.1243,"same film table as penetration-depth row; nominal Sr doping"
lsco-lemberger-x0150-penetration,cuprate,LSCO-film-0.150,x=0.150,penetration_depth_nm,239.7,nm,"computed from lambda^-2(0)=17.4 um^-2 as lambda_nm=1000/sqrt(lambda^-2)",train,lemberger-2010-lsco-lambda,"Lemberger et al. Table I reports lambda^-2(0)=17.4 um^-2 for nominal x=0.15 LSCO film",true,https://arxiv.org/pdf/1010.1243,"computed absolute penetration depth from tabulated inverse-square penetration depth"
lsco-lemberger-x0150-condensate-weight,cuprate,LSCO-film-0.150,x=0.150,optical_spectral_weight_proxy,17.4,um^-2,,train,lemberger-2010-lsco-lambda,"lambda^-2(0) is proportional to superfluid/condensate spectral weight and is used here as S_delta proxy",true,https://arxiv.org/pdf/1010.1243,"condensate spectral-weight proxy; not a finite-frequency optical missing-area integral"
lsco-lemberger-x0180-tc,cuprate,LSCO-film-0.180,x=0.180,tc_k,38,K,,validation,lemberger-2010-lsco-lambda,"Lemberger et al. Table I reports Tc(lambda^-2)=38 K for nominal x=0.18 LSCO film with lambda^-2(0)=21.5 um^-2",true,https://arxiv.org/pdf/1010.1243,"same film table as penetration-depth row; nominal Sr doping"
lsco-lemberger-x0180-penetration,cuprate,LSCO-film-0.180,x=0.180,penetration_depth_nm,215.7,nm,"computed from lambda^-2(0)=21.5 um^-2 as lambda_nm=1000/sqrt(lambda^-2)",validation,lemberger-2010-lsco-lambda,"Lemberger et al. Table I reports lambda^-2(0)=21.5 um^-2 for nominal x=0.18 LSCO film",true,https://arxiv.org/pdf/1010.1243,"computed absolute penetration depth from tabulated inverse-square penetration depth"
lsco-lemberger-x0180-condensate-weight,cuprate,LSCO-film-0.180,x=0.180,optical_spectral_weight_proxy,21.5,um^-2,,validation,lemberger-2010-lsco-lambda,"lambda^-2(0) is proportional to superfluid/condensate spectral weight and is used here as S_delta proxy",true,https://arxiv.org/pdf/1010.1243,"condensate spectral-weight proxy; not a finite-frequency optical missing-area integral"
lsco-lemberger-x0210-tc,cuprate,LSCO-film-0.210,x=0.210,tc_k,32,K,,validation,lemberger-2010-lsco-lambda,"Lemberger et al. Table I reports Tc(lambda^-2)=32 K for nominal x=0.21 LSCO film with lambda^-2(0)=20.3 um^-2",true,https://arxiv.org/pdf/1010.1243,"same film table as penetration-depth row; nominal Sr doping"
lsco-lemberger-x0210-penetration,cuprate,LSCO-film-0.210,x=0.210,penetration_depth_nm,221.9,nm,"computed from lambda^-2(0)=20.3 um^-2 as lambda_nm=1000/sqrt(lambda^-2)",validation,lemberger-2010-lsco-lambda,"Lemberger et al. Table I reports lambda^-2(0)=20.3 um^-2 for nominal x=0.21 LSCO film",true,https://arxiv.org/pdf/1010.1243,"computed absolute penetration depth from tabulated inverse-square penetration depth"
lsco-lemberger-x0210-condensate-weight,cuprate,LSCO-film-0.210,x=0.210,optical_spectral_weight_proxy,20.3,um^-2,,validation,lemberger-2010-lsco-lambda,"lambda^-2(0) is proportional to superfluid/condensate spectral weight and is used here as S_delta proxy",true,https://arxiv.org/pdf/1010.1243,"condensate spectral-weight proxy; not a finite-frequency optical missing-area integral"
lsco-lemberger-x0240-tc,cuprate,LSCO-film-0.240,x=0.240,tc_k,18.5,K,,test,lemberger-2010-lsco-lambda,"Lemberger et al. Table I reports Tc(lambda^-2)=18.5 K for nominal x=0.24 LSCO film with lambda^-2(0)=11.1 um^-2",true,https://arxiv.org/pdf/1010.1243,"same film table as penetration-depth row; nominal Sr doping"
lsco-lemberger-x0240-penetration,cuprate,LSCO-film-0.240,x=0.240,penetration_depth_nm,300.2,nm,"computed from lambda^-2(0)=11.1 um^-2 as lambda_nm=1000/sqrt(lambda^-2)",test,lemberger-2010-lsco-lambda,"Lemberger et al. Table I reports lambda^-2(0)=11.1 um^-2 for nominal x=0.24 LSCO film",true,https://arxiv.org/pdf/1010.1243,"computed absolute penetration depth from tabulated inverse-square penetration depth"
lsco-lemberger-x0240-condensate-weight,cuprate,LSCO-film-0.240,x=0.240,optical_spectral_weight_proxy,11.1,um^-2,,test,lemberger-2010-lsco-lambda,"lambda^-2(0) is proportional to superfluid/condensate spectral weight and is used here as S_delta proxy",true,https://arxiv.org/pdf/1010.1243,"condensate spectral-weight proxy; not a finite-frequency optical missing-area integral"
lsco-lemberger-x0270a-tc,cuprate,LSCO-film-0.270a,x=0.270,tc_k,3.9,K,,test,lemberger-2010-lsco-lambda,"Lemberger et al. Table I reports Tc(lambda^-2)=3.9 K for nominal x=0.27 LSCO film with lambda^-2(0)=0.15 um^-2",true,https://arxiv.org/pdf/1010.1243,"same film table as penetration-depth row; nominal Sr doping"
lsco-lemberger-x0270a-penetration,cuprate,LSCO-film-0.270a,x=0.270,penetration_depth_nm,2582.0,nm,"computed from lambda^-2(0)=0.15 um^-2 as lambda_nm=1000/sqrt(lambda^-2)",test,lemberger-2010-lsco-lambda,"Lemberger et al. Table I reports lambda^-2(0)=0.15 um^-2 for nominal x=0.27 LSCO film",true,https://arxiv.org/pdf/1010.1243,"computed absolute penetration depth from tabulated inverse-square penetration depth"
lsco-lemberger-x0270a-condensate-weight,cuprate,LSCO-film-0.270a,x=0.270,optical_spectral_weight_proxy,0.15,um^-2,,test,lemberger-2010-lsco-lambda,"lambda^-2(0) is proportional to superfluid/condensate spectral weight and is used here as S_delta proxy",true,https://arxiv.org/pdf/1010.1243,"condensate spectral-weight proxy; not a finite-frequency optical missing-area integral"
lsco-lemberger-x0270b-tc,cuprate,LSCO-film-0.270b,x=0.270,tc_k,20,K,,test,lemberger-2010-lsco-lambda,"Lemberger et al. Table I reports Tc(lambda^-2)=20 K for second nominal x=0.27 LSCO film with lambda^-2(0)=3.4 um^-2",true,https://arxiv.org/pdf/1010.1243,"same film table as penetration-depth row; nominal Sr doping; different growth protocol noted by source"
lsco-lemberger-x0270b-penetration,cuprate,LSCO-film-0.270b,x=0.270,penetration_depth_nm,542.3,nm,"computed from lambda^-2(0)=3.4 um^-2 as lambda_nm=1000/sqrt(lambda^-2)",test,lemberger-2010-lsco-lambda,"Lemberger et al. Table I reports lambda^-2(0)=3.4 um^-2 for second nominal x=0.27 LSCO film",true,https://arxiv.org/pdf/1010.1243,"computed absolute penetration depth from tabulated inverse-square penetration depth; source notes later different growth protocol"
lsco-lemberger-x0270b-condensate-weight,cuprate,LSCO-film-0.270b,x=0.270,optical_spectral_weight_proxy,3.4,um^-2,,test,lemberger-2010-lsco-lambda,"lambda^-2(0) is proportional to superfluid/condensate spectral weight and is used here as S_delta proxy",true,https://arxiv.org/pdf/1010.1243,"condensate spectral-weight proxy; not a finite-frequency optical missing-area integral"
lsco-lemberger-x0300-tc,cuprate,LSCO-film-0.300,x=0.300,tc_k,8.5,K,,test,lemberger-2010-lsco-lambda,"Lemberger et al. Table I reports Tc(lambda^-2)=8.5 K for nominal x=0.30 LSCO film with lambda^-2(0)=0.8 um^-2",true,https://arxiv.org/pdf/1010.1243,"same film table as penetration-depth row; nominal Sr doping; later different growth protocol noted by source"
lsco-lemberger-x0300-penetration,cuprate,LSCO-film-0.300,x=0.300,penetration_depth_nm,1118.0,nm,"computed from lambda^-2(0)=0.8 um^-2 as lambda_nm=1000/sqrt(lambda^-2)",test,lemberger-2010-lsco-lambda,"Lemberger et al. Table I reports lambda^-2(0)=0.8 um^-2 for nominal x=0.30 LSCO film",true,https://arxiv.org/pdf/1010.1243,"computed absolute penetration depth from tabulated inverse-square penetration depth; source notes later different growth protocol"
lsco-lemberger-x0300-condensate-weight,cuprate,LSCO-film-0.300,x=0.300,optical_spectral_weight_proxy,0.8,um^-2,,test,lemberger-2010-lsco-lambda,"lambda^-2(0) is proportional to superfluid/condensate spectral weight and is used here as S_delta proxy",true,https://arxiv.org/pdf/1010.1243,"condensate spectral-weight proxy; not a finite-frequency optical missing-area integral"
lsco-mahmood-x023-tdts-optical-needed,cuprate,LSCO-overdoped-TDTS,x~0.230,optical_spectral_weight_proxy,,S_delta/Sn,,test,mahmood-2018-missing-electrons,"Mahmood et al. Fig. 2e reports normalized superfluid spectral weight S_delta/Sn and uncondensed spectral weight Su/Sn from TDTS plus mutual inductance",false,https://arxiv.org/abs/1802.02101,"true integrated optical spectral-weight source identified; exact numeric values require figure digitization or supplementary table before fit use"
lsco-mahmood-overdoped-tdts-needed,cuprate,LSCO-overdoped-TDTS,overdoped-series,optical_spectral_weight_proxy,,S_delta/Sn;Su/Sn,,test,mahmood-2018-missing-electrons,"Mahmood et al. quantify S_delta/Sn and Su/Sn across overdoped LSCO films and state S_delta+Su approximately satisfies the FGT sum-rule balance",false,https://arxiv.org/abs/1802.02101,"documents real integrated optical redistribution target; no fabricated numeric values entered"
